<?xml version="1.0" encoding="UTF-8"?>
<!DOCTYPE mapper
  PUBLIC "-//mybatis.org//DTD Mapper 3.0//EN"
  "https://mybatis.org/dtd/mybatis-3-mapper.dtd">
  <!-- namespace속성 : id를 그룹화하기 위한 속성 
  		mapper의 경로를 작성-->
<mapper namespace="project.database.ReviewMapper">
<!-- id: 중복불가, 해당태그의 고유한 식별자 
		세미콜론 적지 않는다, ?바인드 변수와 같은 기능을 하는 것 #{컬럼명=객체의 필드명}
-->	
	<insert id="insertReview" parameterType="project.domain.ReviewMember">
		insert into review_info values (plus_seq.NEXTVAL,#{activity_no},#{user_no},#{id},#{title},#{review},#{review_type},#{favor},#{mbti},current_date,#{activity_title})
	</insert>
	
	<select id="selectAllRev" resultType="project.domain.ReviewMember">
		select * from review_info order by review_time DESC
	</select>
	
	<select id="selectReview" parameterType="project.domain.ReviewMember" resultType="project.domain.ReviewMember">
		select * from review_info where review_no = #{review_no}
	</select>
	
	<update id="updateReview" parameterType="project.domain.ReviewMember">
		update review_info set activity_no=#{activity_no}, user_no=#{user_no}, id=#{id}, title=#{title}, review=#{review}, review_type=#{review_type}, favor=#{favor}, mbti=#{mbti}, review_time=current_date, activity_title=#{activity_title} where review_no=#{review_no}
	</update>
	
	<update id="updateFavor" parameterType="project.domain.ReviewMember">
		update review_info set favor=#{favor} where activity_no=#{activity_no} and user_no=#{user_no}
	</update>
	
	<delete id="deleteReview" parameterType="int">
		delete from review_info where review_no=#{review_no}
	</delete>
</mapper>