<?xml version="1.0" encoding="UTF-8"?>
<!DOCTYPE mapper
  PUBLIC "-//mybatis.org//DTD Mapper 3.0//EN"
  "https://mybatis.org/dtd/mybatis-3-mapper.dtd">
  <!-- namespace속성 : id를 그룹화하기 위한 속성 
  		mapper의 경로를 작성-->
<mapper namespace="project.database.UserMapper">
<!-- id: 중복불가, 해당태그의 고유한 식별자 
		세미콜론 적지 않는다, ?바인드 변수와 같은 기능을 하는 것 #{컬럼명=객체의 필드명}
-->
	<insert id="insertMember" parameterType="project.domain.UserMember">
		insert into user_info values (plus_seq.NEXTVAL,#{id},#{pw},#{name},#{mbti},#{key_no1},#{key_no2},#{key_no3},#{key_no4},#{gender},#{age})
	</insert>
	
	<select id="selectMember" parameterType="project.domain.UserMember" resultType="project.domain.UserMember">
		select * from user_info where id = #{id} and pw = #{pw}
	</select>
	
	<update id="updateMember" parameterType="project.domain.UserMember">
		update user_info set id=#{id}, pw=#{pw}, name=#{name}, mbti=#{mbti}, key_no1=#{key_no1}, key_no2=#{key_no2}, key_no3=#{key_no3}, key_no4=#{key_no4}, gender=#{gender}, age=#{age} where user_no=#{user_no}
	</update>
	
	<select id="selectAll" resultType="project.domain.UserMember">
		select * from user_info
	</select>
	
	<delete id="deleteMember" parameterType="int">
		delete from user_info where user_no=#{user_no}
	</delete>
</mapper>